{
    "name": "root",
    "gauges": {
        "DifficultyAgent.Policy.Entropy.mean": {
            "value": 1.0980318784713745,
            "min": 1.0970295667648315,
            "max": 1.0980318784713745,
            "count": 2
        },
        "DifficultyAgent.Policy.Entropy.sum": {
            "value": 54841.203125,
            "min": 54841.203125,
            "max": 54912.9140625,
            "count": 2
        },
        "DifficultyAgent.Environment.EpisodeLength.mean": {
            "value": 0.0,
            "min": 0.0,
            "max": 0.0,
            "count": 2
        },
        "DifficultyAgent.Environment.EpisodeLength.sum": {
            "value": 0.0,
            "min": 0.0,
            "max": 0.0,
            "count": 2
        },
        "DifficultyAgent.Step.mean": {
            "value": 99999.0,
            "min": 49999.0,
            "max": 99999.0,
            "count": 2
        },
        "DifficultyAgent.Step.sum": {
            "value": 99999.0,
            "min": 49999.0,
            "max": 99999.0,
            "count": 2
        },
        "DifficultyAgent.Policy.ExtrinsicValueEstimate.mean": {
            "value": 0.07322084903717041,
            "min": 0.05302518606185913,
            "max": 0.07322084903717041,
            "count": 2
        },
        "DifficultyAgent.Policy.ExtrinsicValueEstimate.sum": {
            "value": 3661.04248046875,
            "min": 2651.206298828125,
            "max": 3661.04248046875,
            "count": 2
        },
        "DifficultyAgent.Environment.CumulativeReward.mean": {
            "value": 0.071039998203516,
            "min": 0.04956098931482185,
            "max": 0.071039998203516,
            "count": 2
        },
        "DifficultyAgent.Environment.CumulativeReward.sum": {
            "value": 3551.9999101758003,
            "min": 2477.9999047517776,
            "max": 3551.9999101758003,
            "count": 2
        },
        "DifficultyAgent.Policy.ExtrinsicReward.mean": {
            "value": 0.071039998203516,
            "min": 0.04956098931482185,
            "max": 0.071039998203516,
            "count": 2
        },
        "DifficultyAgent.Policy.ExtrinsicReward.sum": {
            "value": 3551.9999101758003,
            "min": 2477.9999047517776,
            "max": 3551.9999101758003,
            "count": 2
        },
        "DifficultyAgent.Losses.PolicyLoss.mean": {
            "value": 0.02530710882196824,
            "min": 0.022146526045010738,
            "max": 0.02530710882196824,
            "count": 2
        },
        "DifficultyAgent.Losses.PolicyLoss.sum": {
            "value": 0.1265355441098412,
            "min": 0.08858610418004295,
            "max": 0.1265355441098412,
            "count": 2
        },
        "DifficultyAgent.Losses.ValueLoss.mean": {
            "value": 0.02733726953466733,
            "min": 0.02733726953466733,
            "max": 0.04901591123392184,
            "count": 2
        },
        "DifficultyAgent.Losses.ValueLoss.sum": {
            "value": 0.13668634767333665,
            "min": 0.13668634767333665,
            "max": 0.19606364493568737,
            "count": 2
        },
        "DifficultyAgent.Policy.LearningRate.mean": {
            "value": 0.00025686097437967995,
            "min": 0.00025686097437967995,
            "max": 0.00028460220513259994,
            "count": 2
        },
        "DifficultyAgent.Policy.LearningRate.sum": {
            "value": 0.0012843048718983998,
            "min": 0.0011384088205303997,
            "max": 0.0012843048718983998,
            "count": 2
        },
        "DifficultyAgent.Policy.Epsilon.mean": {
            "value": 0.18562032000000003,
            "min": 0.18562032000000003,
            "max": 0.19486740000000005,
            "count": 2
        },
        "DifficultyAgent.Policy.Epsilon.sum": {
            "value": 0.9281016000000002,
            "min": 0.7794696000000002,
            "max": 0.9281016000000002,
            "count": 2
        },
        "DifficultyAgent.Policy.Beta.mean": {
            "value": 0.004282453968000001,
            "min": 0.004282453968000001,
            "max": 0.004743883260000001,
            "count": 2
        },
        "DifficultyAgent.Policy.Beta.sum": {
            "value": 0.021412269840000005,
            "min": 0.018975533040000003,
            "max": 0.021412269840000005,
            "count": 2
        },
        "DifficultyAgent.IsTraining.mean": {
            "value": 1.0,
            "min": 1.0,
            "max": 1.0,
            "count": 2
        },
        "DifficultyAgent.IsTraining.sum": {
            "value": 1.0,
            "min": 1.0,
            "max": 1.0,
            "count": 2
        }
    },
    "metadata": {
        "timer_format_version": "0.1.0",
        "start_time_seconds": "1687044804",
        "python_version": "3.9.7 (default, Sep 16 2021, 16:59:28) [MSC v.1916 64 bit (AMD64)]",
        "command_line_arguments": "C:\\Users\\usuario\\anaconda3\\envs\\pfgenv\\Scripts\\mlagents-learn --run-id=train01",
        "mlagents_version": "0.30.0",
        "mlagents_envs_version": "0.30.0",
        "communication_protocol_version": "1.5.0",
        "pytorch_version": "2.0.1+cu117",
        "numpy_version": "1.21.2",
        "end_time_seconds": "1687045295"
    },
    "total": 490.6532575,
    "count": 1,
    "self": 0.0051353999999719235,
    "children": {
        "run_training.setup": {
            "total": 0.01615169999999999,
            "count": 1,
            "self": 0.01615169999999999
        },
        "TrainerController.start_learning": {
            "total": 490.6319704,
            "count": 1,
            "self": 0.07858259999926531,
            "children": {
                "TrainerController._reset_env": {
                    "total": 10.2005096,
                    "count": 1,
                    "self": 10.2005096
                },
                "TrainerController.advance": {
                    "total": 480.2320178000008,
                    "count": 4477,
                    "self": 0.06443220000238625,
                    "children": {
                        "env_step": {
                            "total": 279.7380096999991,
                            "count": 4477,
                            "self": 272.8865868999985,
                            "children": {
                                "SubprocessEnvManager._take_step": {
                                    "total": 6.806018800000052,
                                    "count": 4477,
                                    "self": 0.1570342999993528,
                                    "children": {
                                        "TorchPolicy.evaluate": {
                                            "total": 6.648984500000699,
                                            "count": 2184,
                                            "self": 6.648984500000699
                                        }
                                    }
                                },
                                "workers": {
                                    "total": 0.04540400000051115,
                                    "count": 4476,
                                    "self": 0.0,
                                    "children": {
                                        "worker_root": {
                                            "total": 474.45968719999894,
                                            "count": 4476,
                                            "is_parallel": true,
                                            "self": 216.92711530000008,
                                            "children": {
                                                "steps_from_proto": {
                                                    "total": 0.00028130000000103905,
                                                    "count": 1,
                                                    "is_parallel": true,