{
    "name": "root",
    "gauges": {
        "DifAgent.Policy.Entropy.mean": {
            "value": 1.063923716545105,
            "min": 1.0425255298614502,
            "max": 1.098387598991394,
            "count": 12
        },
        "DifAgent.Policy.Entropy.sum": {
            "value": 12767.083984375,
            "min": 12510.306640625,
            "max": 13181.7490234375,
            "count": 12
        },
        "DifAgent.Environment.EpisodeLength.mean": {
            "value": 0.8181818181818182,
            "min": 0.8181818181818182,
            "max": 0.8208162646032469,
            "count": 12
        },
        "DifAgent.Environment.EpisodeLength.sum": {
            "value": 5400.0,
            "min": 5400.0,
            "max": 5410.0,
            "count": 12
        },
        "DifAgent.Step.mean": {
            "value": 143991.0,
            "min": 11991.0,
            "max": 143991.0,
            "count": 12
        },
        "DifAgent.Step.sum": {
            "value": 143991.0,
            "min": 11991.0,
            "max": 143991.0,
            "count": 12
        },
        "DifAgent.Policy.ExtrinsicValueEstimate.mean": {
            "value": 0.20281867682933807,
            "min": 0.12890662252902985,
            "max": 0.28024768829345703,
            "count": 12
        },
        "DifAgent.Policy.ExtrinsicValueEstimate.sum": {
            "value": 1338.603271484375,
            "min": 850.78369140625,
            "max": 1846.832275390625,
            "count": 12
        },
        "DifAgent.Environment.CumulativeReward.mean": {
            "value": 0.09912120828574354,
            "min": 0.011289828871016438,
            "max": 0.15087878426367587,
            "count": 12
        },
        "DifAgent.Environment.CumulativeReward.sum": {
            "value": 654.1999746859074,
            "min": 74.39997225999832,
            "max": 995.7999761402607,
            "count": 12
        },
        "DifAgent.Policy.ExtrinsicReward.mean": {
            "value": 0.09912120828574354,
            "min": 0.011289828871016438,
            "max": 0.15087878426367587,
            "count": 12
        },
        "DifAgent.Policy.ExtrinsicReward.sum": {
            "value": 654.1999746859074,
            "min": 74.39997225999832,
            "max": 995.7999761402607,
            "count": 12
        },
        "DifAgent.IsTraining.mean": {
            "value": 1.0,
            "min": 1.0,
            "max": 1.0,
            "count": 12
        },
        "DifAgent.IsTraining.sum": {
            "value": 1.0,
            "min": 1.0,
            "max": 1.0,
            "count": 12
        },
        "DifAgent.Losses.PolicyLoss.mean": {
            "value": 0.09789721781650222,
            "min": 0.09620920701181507,
            "max": 0.10603827407746286,
            "count": 11
        },
        "DifAgent.Losses.PolicyLoss.sum": {
            "value": 0.09789721781650222,
            "min": 0.09620920701181507,
            "max": 0.10603827407746286,
            "count": 11
        },
        "DifAgent.Losses.ValueLoss.mean": {
            "value": 0.22553476830695401,
            "min": 0.2004925017768049,
            "max": 0.23020732586077827,
            "count": 11
        },
        "DifAgent.Losses.ValueLoss.sum": {
            "value": 0.22553476830695401,
            "min": 0.2004925017768049,
            "max": 0.23020732586077827,
            "count": 11
        },
        "DifAgent.Policy.LearningRate.mean": {
            "value": 0.00022078742640420002,
            "min": 0.00022078742640420002,
            "max": 0.00029279940240019997,
            "count": 11
        },
        "DifAgent.Policy.LearningRate.sum": {
            "value": 0.00022078742640420002,
            "min": 0.00022078742640420002,
            "max": 0.00029279940240019997,
            "count": 11
        },
        "DifAgent.Policy.Epsilon.mean": {
            "value": 0.1735958,
            "min": 0.1735958,
            "max": 0.19759980000000008,
            "count": 11
        },
        "DifAgent.Policy.Epsilon.sum": {
            "value": 0.1735958,
            "min": 0.1735958,
            "max": 0.19759980000000008,
            "count": 11
        },
        "DifAgent.Policy.Beta.mean": {
            "value": 0.0007385984199999999,
            "min": 0.0007385984199999999,
            "max": 0.00097623802,
            "count": 11
        },
        "DifAgent.Policy.Beta.sum": {
            "value": 0.0007385984199999999,
            "min": 0.0007385984199999999,
            "max": 0.00097623802,
            "count": 11
        }
    },
    "metadata": {
        "timer_format_version": "0.1.0",
        "start_time_seconds": "1687198179",
        "python_version": "3.9.7 (default, Sep 16 2021, 16:59:28) [MSC v.1916 64 bit (AMD64)]",
        "command_line_arguments": "C:\\Users\\usuario\\anaconda3\\envs\\pfgenv\\Scripts\\mlagents-learn DifAgent.yaml --run-id=train01",
        "mlagents_version": "0.30.0",
        "mlagents_envs_version": "0.30.0",
        "communication_protocol_version": "1.5.0",
        "pytorch_version": "2.0.1+cu117",
        "numpy_version": "1.21.2",
        "end_time_seconds": "1687199786"
    },
    "total": 1606.8358616,
    "count": 1,
    "self": 0.004967300000089381,
    "children": {
        "run_training.setup": {
            "total": 0.07195870000000015,
            "count": 1,
            "self": 0.07195870000000015
        },
        "TrainerController.start_learning": {
            "total": 1606.7589355999999,
            "count": 1,
            "self": 1.3148924000047373,
            "children": {
                "TrainerController._reset_env": {
                    "total": 6.883998600000001,
                    "count": 1,
                    "self": 6.883998600000001
                },
                "TrainerController.advance": {
                    "total": 1598.4492863999951,
                    "count": 112565,
                    "self": 1.1730231000144613,
                    "children": {
                        "env_step": {
                            "total": 1344.8765350999963,
                            "count": 112565,
                            "self": 1171.6951235000006,
                            "children": {
                                "SubprocessEnvManager._take_step": {
                                    "total": 172.2771871999807,
                                    "count": 112565,
                                    "self": 2.63898949999583,
                                    "children": {
                                        "TorchPolicy.evaluate": {
                                            "total": 169.63819769998486,
                                            "count": 72624,
                                            "self": 169.63819769998486
                                        }
                                    }
                                },
                                "workers": {
                                    "total": 0.9042244000149662,
                                    "count": 112564,
                                    "self": 0.0,
                                    "children": {
                                        "worker_root": {
                                            "total": 1594.129347500003,
                                            "count": 112564,
                                            "is_parallel": true,
                                            "self": 487.28961309998635,
                                            "children": {
                                                "steps_from_proto": {
                                                    "total": 0.00026909999999968903,
                                                    "count": 1,
                                                    "is_parallel": true,
                                                    "self": 0.0001389999999998892,