{
    "name": "root",
    "gauges": {
        "DifAgent.Policy.Entropy.mean": {
            "value": 0.09933719038963318,
            "min": 0.09933719038963318,
            "max": 1.0981428623199463,
            "count": 13
        },
        "DifAgent.Policy.Entropy.sum": {
            "value": 1192.0462646484375,
            "min": 1192.0462646484375,
            "max": 13178.8125,
            "count": 13
        },
        "DifAgent.Environment.EpisodeLength.mean": {
            "value": 0.8181818181818182,
            "min": 0.8181818181818182,
            "max": 0.8208162646032469,
            "count": 13
        },
        "DifAgent.Environment.EpisodeLength.sum": {
            "value": 5400.0,
            "min": 5400.0,
            "max": 5410.0,
            "count": 13
        },
        "DifAgent.Step.mean": {
            "value": 155991.0,
            "min": 11991.0,
            "max": 155991.0,
            "count": 13
        },
        "DifAgent.Step.sum": {
            "value": 155991.0,
            "min": 11991.0,
            "max": 155991.0,
            "count": 13
        },
        "DifAgent.Policy.ExtrinsicValueEstimate.mean": {
            "value": 0.8800205588340759,
            "min": -0.23619459569454193,
            "max": 0.9032523036003113,
            "count": 13
        },
        "DifAgent.Policy.ExtrinsicValueEstimate.sum": {
            "value": 5808.1357421875,
            "min": -1556.5223388671875,
            "max": 5961.46533203125,
            "count": 13
        },
        "DifAgent.Environment.CumulativeReward.mean": {
            "value": 0.9699999998013179,
            "min": -0.10813354299896946,
            "max": 0.9699999998013179,
            "count": 13
        },
        "DifAgent.Environment.CumulativeReward.sum": {
            "value": 6401.999998688698,
            "min": -712.6000483632088,
            "max": 6401.999998688698,
            "count": 13
        },
        "DifAgent.Policy.ExtrinsicReward.mean": {
            "value": 0.9699999998013179,
            "min": -0.10813354299896946,
            "max": 0.9699999998013179,
            "count": 13
        },
        "DifAgent.Policy.ExtrinsicReward.sum": {
            "value": 6401.999998688698,
            "min": -712.6000483632088,
            "max": 6401.999998688698,
            "count": 13
        },
        "DifAgent.IsTraining.mean": {
            "value": 1.0,
            "min": 1.0,
            "max": 1.0,
            "count": 13
        },
        "DifAgent.IsTraining.sum": {
            "value": 1.0,
            "min": 1.0,
            "max": 1.0,
            "count": 13
        },
        "DifAgent.Losses.PolicyLoss.mean": {
            "value": 0.09853007108198875,
            "min": 0.09522579247613376,
            "max": 0.1268468610112308,
            "count": 12
        },
        "DifAgent.Losses.PolicyLoss.sum": {
            "value": 0.09853007108198875,
            "min": 0.09522579247613376,
            "max": 0.1268468610112308,
            "count": 12
        },
        "DifAgent.Losses.ValueLoss.mean": {
            "value": 0.2050663665826839,
            "min": 0.2050663665826839,
            "max": 0.7088258175076435,
            "count": 12
        },
        "DifAgent.Losses.ValueLoss.sum": {
            "value": 0.2050663665826839,
            "min": 0.2050663665826839,
            "max": 0.7088258175076435,
            "count": 12
        },
        "DifAgent.Policy.LearningRate.mean": {
            "value": 0.00021357542880820002,
            "min": 0.00021357542880820002,
            "max": 0.00029279940240019997,
            "count": 12
        },
        "DifAgent.Policy.LearningRate.sum": {
            "value": 0.00021357542880820002,
            "min": 0.00021357542880820002,
            "max": 0.00029279940240019997,
            "count": 12
        },
        "DifAgent.Policy.Epsilon.mean": {
            "value": 0.1711918,
            "min": 0.1711918,
            "max": 0.19759980000000008,
            "count": 12
        },
        "DifAgent.Policy.Epsilon.sum": {
            "value": 0.1711918,
            "min": 0.1711918,
            "max": 0.19759980000000008,
            "count": 12
        },
        "DifAgent.Policy.Beta.mean": {
            "value": 0.0007147988200000001,
            "min": 0.0007147988200000001,
            "max": 0.00097623802,
            "count": 12
        },
        "DifAgent.Policy.Beta.sum": {
            "value": 0.0007147988200000001,
            "min": 0.0007147988200000001,
            "max": 0.00097623802,
            "count": 12
        }
    },
    "metadata": {
        "timer_format_version": "0.1.0",
        "start_time_seconds": "1687201963",
        "python_version": "3.9.7 (default, Sep 16 2021, 16:59:28) [MSC v.1916 64 bit (AMD64)]",
        "command_line_arguments": "C:\\Users\\usuario\\anaconda3\\envs\\pfgenv\\Scripts\\mlagents-learn DifAgent.yaml --run-id=train02",
        "mlagents_version": "0.30.0",
        "mlagents_envs_version": "0.30.0",
        "communication_protocol_version": "1.5.0",
        "pytorch_version": "2.0.1+cu117",
        "numpy_version": "1.21.2",
        "end_time_seconds": "1687203819"
    },
    "total": 1856.0275792,
    "count": 1,
    "self": 0.004868599999781509,
    "children": {
        "run_training.setup": {
            "total": 0.07546669999999978,
            "count": 1,
            "self": 0.07546669999999978
        },
        "TrainerController.start_learning": {
            "total": 1855.9472439,
            "count": 1,
            "self": 1.5377982000040902,
            "children": {
                "TrainerController._reset_env": {
                    "total": 8.5521762,
                    "count": 1,
                    "self": 8.5521762
                },
                "TrainerController.advance": {
                    "total": 1845.7410581999961,
                    "count": 128254,
                    "self": 1.4322140000272157,
                    "children": {
                        "env_step": {
                            "total": 1543.4175551000167,
                            "count": 128254,
                            "self": 1330.0233462000042,
                            "children": {
                                "SubprocessEnvManager._take_step": {
                                    "total": 212.34201839995987,
                                    "count": 128254,
                                    "self": 3.0786641999654876,
                                    "children": {
                                        "TorchPolicy.evaluate": {
                                            "total": 209.26335419999438,
                                            "count": 82747,
                                            "self": 209.26335419999438
                                        }
                                    }
                                },
                                "workers": {
                                    "total": 1.0521905000524931,
                                    "count": 128253,
                                    "self": 0.0,
                                    "children": {
                                        "worker_root": {
                                            "total": 1835.2084671000157,
                                            "count": 128253,
                                            "is_parallel": true,
                                            "self": 591.3531017000241,
                                            "children": {
                                                "steps_from_proto": {
                                                    "total": 0.00029430000000019163,
                                                    "count": 1,
                                                    "is_parallel": true,
                                                    "self": 0.0001503000000004917,